text,label
Double vision and headache during the day,Ophthalmology
Loss of smell and taste during the day,ENT
Back hurt radiating down leg for the past 9 days,Orthopedics
Sharp thoracic extreme ache when inhaling deeply,Cardiology
Vaginal discharge with odor,Gynecology
Obsessive thoughts and compulsive behavior,Psychiatry
Erectile dysfunction for 14 weeks in the morning,Urology
Rheumatoid arthritis with joint deformity during the day,Rheumatology
Irregular pulse with tiredness ongoing for 11 days for 5 weeks,Cardiology
mild sharp Depression and loss of interest,Psychiatry
Psoriasis with scaly patches lasting 13 days,Dermatology
Currently having Angina pain with arm numbness,Cardiology
Frequent urination at night occasionally,Urology
Suffering from throbbing Migraine with nausea and light sensitivity,Neurology
Knee pain with swelling after injury,Orthopedics
Painful intercourse intermittently since 10 days ago,Gynecology
Heartburn after eating fatty foods constantly,Gastroenterology
Sore throat with trouble swallowing,ENT
Muscle weakness and weakness,Rheumatology
throbbing Persistent tussis with fever,Pulmonology
Migraine with sick feeling and light sensitivity for 13 days occasionally,Neurology
Joint discomfort and stiffness in morning,Rheumatology
Post traumatic stress with flashbacks ongoing for 9 days,Psychiatry
Night sweats with persistent hack for 6 weeks,Pulmonology
Hives and allergic skin reaction lasting 2 days periodically,Dermatology
unbearable long-term bronchitis with mucus production in the evening,Pulmonology
Fever with body aches,General Physician
Nausea and loss of appetite for 1 days,Gastroenterology
Mole changes in size and color for 7 weeks,Dermatology
struggle urinating with burning periodically,Urology
Blood in urine and flank tenderness for 7 weeks,Urology
Common cold symptoms,General Physician
Currently having Annual checkup needed at night,General Physician
Ear pain with hearing loss since 8 days ago,ENT
elevated temperature with general malaise lasting 8 days,General Physician
Feeling unwell with general symptoms intermittently,General Physician
I'm experiencing Fracture with serious bone pain for 4 days,Orthopedics
mild Ringing in ears and vertigo,ENT
I'm experiencing Arthritis with morning stiffness,Orthopedics
Heartburn after eating fatty foods since 3 days ago,Gastroenterology
Shoulder discomfort limiting movement for 7 days,Orthopedics
Ringing in ears and vertigo ongoing for 11 days,ENT
Menopausal hot flashes during the day,Gynecology
Painful joint inflammation in hands,Orthopedics
moderate Ringing in ears and vertigo since 11 days ago,ENT
Dealing with Muscle weakness and weariness since 10 days ago,Rheumatology
Red itchy eyes with discharge ongoing for 5 days for 8 days,Ophthalmology
worry attacks with panic frequently,Psychiatry
Having symptoms of Nausea and loss of appetite,Gastroenterology
Sharp pain in lower right abdomen,Gastroenterology
Night sweats with persistent coughing during the day,Pulmonology
Mood swings and irritability periodically,Psychiatry
thorax discomfort with cold sweats,Cardiology
Presenting with Incontinence and urinary leakage,Urology
Vomiting blood or coffee ground material constantly,Gastroenterology
Crushing breast dull pain radiating to left arm for the past 1 days,Cardiology
Chronic sinus infection and nasal congestion,ENT
I'm experiencing continuous sinus infection and nasal congestion ongoing for 9 days,ENT
I'm experiencing Irregular menstrual periods for 2 days,Gynecology
Presenting with Racing heart with anxiety and chest hurt intermittently,Cardiology
I'm experiencing Chronic sinus infection and nasal congestion,ENT
Having symptoms of Gout with severe toe dull pain,Rheumatology
Knee discomfort after physical activity frequently ongoing for 9 days,Orthopedics
Neck stiffness and pain,Orthopedics
Heartburn after eating fatty foods,Gastroenterology
Sharp breast hurt when breathing deeply lasting 14 days during the day,Cardiology
Currently having Depression with loss of interest,Psychiatry
Moles changing in size or color ongoing for 11 days,Dermatology
breast discomfort with cold sweats for the past 13 days,Cardiology
High blood pressure and spinning sensation in the evening,Cardiology
Fatigue and general weakness,General Physician
moderate Hip agony when walking,Orthopedics
Presenting with Chest pain with shortness of breath and sweating periodically,Cardiology
Chest congestion and breathing difficulty,Pulmonology
Nosebleeds and facial pressure intermittently frequently,ENT
Blood in urine frequently periodically,Urology
Autoimmune disease symptoms constantly since 5 days ago,Rheumatology
Back discomfort radiating down leg in the morning,Orthopedics
problem urinating with burning,Urology
extreme Night sweats with persistent cough occasionally,Pulmonology
Heavy bleeding during periods,Gynecology
Currently having Currently having Chronic stomach pain and indigestion,Gastroenterology
I'm experiencing Red itchy eyes with discharge,Ophthalmology
Nosebleeds and facial pressure,ENT
Dealing with Joint pain with swelling in multiple joints,Rheumatology
Hair loss and scalp irritation intermittently,Dermatology
Asthma attack with tight chest,Pulmonology
throbbing Obsessive thoughts and compulsive behavior,Psychiatry
moderate Ankle sprain with bruising,Orthopedics
Pelvic pain and heavy bleeding intermittently in the morning,Gynecology
Rapid heartbeat and thoracic tightness ongoing for 13 days,Cardiology
Routine checkup needed frequently,General Physician
Chronic belly sharp pain and indigestion intermittently,Gastroenterology
Currently having Feeling unwell with general symptoms at night,General Physician
Currently having Suicidal thoughts and hopelessness,Psychiatry
Pressure in thoracic like an elephant sitting on it lasting 9 days,Cardiology
Joint pain with puffiness in multiple joints periodically in the evening,Rheumatology
Angina pain with arm numbness,Cardiology
Currently having Sharp pain in lower right abdomen,Gastroenterology
I'm experiencing Irregular menstrual periods,Gynecology
Dealing with Ankle sprain with swelling,Orthopedics
severe tingling and tingling in extremities,Neurology
Pelvic agony and discomfort periodically,Gynecology
Mood swings and irritability constantly ongoing for 11 days,Psychiatry
Chronic diarrhea and weight loss for the past 1 days at night,Gastroenterology
Lupus symptoms with butterfly dermatitis ongoing for 1 days frequently,Rheumatology
Pelvic ache and heavy bleeding periodically,Gynecology
hard time seeing at night since 1 days ago,Ophthalmology
Kidney stones with extreme discomfort since 11 days ago lasting 13 days,Urology
Double vision and headache,Ophthalmology
Eye injury with foreign object,Ophthalmology
extreme Autoimmune disease symptoms for 12 weeks,Rheumatology
Dealing with Migraine with nausea and light sensitivity in the morning,Neurology
Severe headache with vision changes,Neurology
Dealing with Pressure in chest like an elephant sitting on it frequently,Cardiology
Suffering from Knee pain with swelling after injury,Orthopedics
severe Frequent urination with burning at night,Urology
unbearable Memory loss and confusion ongoing for 14 days,Neurology
Eating disorder with body image issues for 11 weeks,Psychiatry
Severe menstrual cramps since 11 days ago,Gynecology
Difficulty seeing at night lasting 13 days,Ophthalmology
Fracture with severe bone intense pain,Orthopedics
Hallucinations and delusions during the day,Psychiatry
Seizures and loss of consciousness,Neurology
Insomnia and trouble sleeping,Psychiatry
Severe abdominal discomfort with vomiting in the morning,Gastroenterology
Irregular menstrual periods frequently,Gynecology
Painful bladder with urgency constantly,Urology
Wrist sharp discomfort with loss of sensation in fingers for 1 weeks,Orthopedics
Memory loss and confusion,Neurology
slight Pregnancy symptoms and morning sickness,Gynecology
mild Kidney stone agony in side,Urology
Autoimmune disease symptoms for 13 days,Rheumatology
Slurred speech and facial drooping since 8 days ago,Neurology
Fracture with severe bone soreness,Orthopedics
I'm experiencing Arthritis with morning stiffness constantly,Orthopedics
Kidney stone pain in side,Urology
Blurred visual and eye pain ongoing for 4 days,Ophthalmology
persistent diarrhea and weight loss,Gastroenterology
mild Rheumatoid arthritis with joint deformity for 14 weeks,Rheumatology
Shoulder hurt limiting movement at night,Orthopedics
moderate Insomnia and trouble sleeping,Psychiatry
Severe menstrual cramps for the past 5 days,Gynecology
Currently having sharp Double sight and floaters,Ophthalmology
Blood in urine and flank soreness,Urology
ongoing bronchitis with mucus production for 7 weeks,Pulmonology
Electric shock sensations in body in the evening in the morning,Neurology
Menopausal hot flashes intermittently for the past 3 days,Gynecology
Painful joint bloating in hands,Orthopedics
Fatigue and general weakness periodically occasionally,General Physician
Eye injury with foreign object for the past 10 days intermittently,Ophthalmology
thorax severe discomfort with cold sweats for 6 weeks,Cardiology
swift severe headintense ache like thunderclap,Neurology
mild sharp menstrual cramps,Gynecology
mild intense High blood pressure and spinning sensation,Cardiology
Angina pain with arm loss of sensation ongoing for 2 days,Cardiology
Dry eyes with burning sensation,Ophthalmology
Pain in thoracic spreading to jaw and shoulder for 12 days,Cardiology
Sharp severe discomfort in lower right abdomen intermittently,Gastroenterology
Asthma attack with tight thoracic since 11 days ago,Pulmonology
Autoimmune disease symptoms,Rheumatology
moderate Vaccination and preventive care,General Physician
Wrist pain with paresthesia in fingers ongoing for 9 days since 8 days ago,Orthopedics
Having symptoms of Chronic bronchitis with mucus production,Pulmonology
Blood in stool and tummy cramps in the morning constantly,Gastroenterology
slight Itchy skin skin condition with redness lasting 1 days,Dermatology
Frequent urination with burning occasionally,Urology
Routine checkup needed constantly,General Physician
Double vision and headache frequently in the morning,Ophthalmology
Knee soreness after physical activity periodically ongoing for 6 days,Orthopedics
Obsessive thoughts and compulsive behavior for 1 days,Psychiatry
Gout with severe toe mild pain,Rheumatology
severe Mood swings and irritability,Psychiatry
Double vision and headsevere ache,Ophthalmology
moderate Heartburn after eating fatty foods,Gastroenterology
Vomiting blood or coffee ground material,Gastroenterology
Pressure in chest like an elephant sitting on it,Cardiology
Wrist pain with numbness in fingers,Orthopedics
Shoulder ache limiting movement in the evening,Orthopedics
critical menstrual cramps lasting 13 days since 1 days ago,Gynecology
trouble seeing at night intermittently since 8 days ago,Ophthalmology
dull Fungal infection with itching between toes,Dermatology
problem respiration and wheezing occasionally,Pulmonology
sharp Hair loss and scalp irritation since 11 days ago,Dermatology
moderate Double eyesight and floaters lasting 3 days,Ophthalmology
throbbing Post traumatic stress with flashbacks,Psychiatry
Erectile dysfunction ongoing for 3 days,Urology
Fever with body aches for 6 weeks,General Physician
Presenting with Blood in stool and stomach cramps,Gastroenterology
Having symptoms of Sore throat with difficulty swallowing,ENT
sharp Floaters and flashes of light,Ophthalmology
dull Chest congestion and breathing difficulty,Pulmonology
Dealing with Seizures and loss of consciousness,Neurology
Suffering from Arthritis with morning stiffness,Orthopedics
Red itchy eyes with discharge,Ophthalmology
intense Loss of smell and taste for 6 weeks,ENT
Psoriasis with scaly patches,Dermatology
intense Annual checkup needed,General Physician
slight Burning sensation in upper abdomen at night,Gastroenterology
I'm experiencing Blood in stool and stomach cramps,Gastroenterology
Muscle weakness and fatigue,Rheumatology
Vaccination and preventive care ongoing for 11 days,General Physician
slight Menopausal hot flashes since 14 days ago,Gynecology
moderate Moles changing in size or color,Dermatology
Back agony radiating down leg periodically,Orthopedics
Having symptoms of Muscle weakness and weakness in the morning,Rheumatology
dull Memory loss and confusion,Neurology
throbbing Dry eyes with burning sensation,Ophthalmology
moderate Fracture with acute bone hurt intermittently,Orthopedics
Rapid breathing with unease at night,Pulmonology
unbearable Cold and flu symptoms,General Physician
Presenting with Double vision and headache,Ophthalmology
Mood swings and irritability constantly frequently,Psychiatry
Swollen joints with redness,Rheumatology
Suffering from Severe eczema with dry cracked skin,Dermatology
Joint pain with edema in multiple joints for 2 days for the past 6 days,Rheumatology
Painful joint bloating in hands during the day,Orthopedics
Ankle sprain with bruising,Orthopedics
Health concern not specific to any organ lasting 13 days,General Physician
Swollen tonsils with white patches lasting 2 days for 12 days,ENT
Irregular pulse with tiredness for 4 days in the evening,Cardiology
Currently having Sharp chest pain when breathing deeply,Cardiology
Itchy skin dermatitis with redness intermittently since 2 days ago,Dermatology
mild Bloating with gas and constipation for 10 weeks,Gastroenterology
Yellow eyes and dark urine,Gastroenterology
Pregnancy symptoms and morning sickness during the day,Gynecology
Painful intercourse for the past 10 days occasionally,Gynecology
I'm experiencing Heartburn after eating fatty foods,Gastroenterology
Persistent cranial pain with nausea and vomiting for the past 5 days,Neurology
Suicidal thoughts and hopelessness lasting 14 days,Psychiatry
Difficulty breathing and wheezing,Pulmonology
elevated temperature with general malaise for 7 days,General Physician
dull Pressure in thoracic like an elephant sitting on it,Cardiology
Tremors in hands and problem walking,Neurology
Ankle sprain with inflammation for 4 days,Orthopedics
Suffering from Acne breakouts on face and back,Dermatology
I'm experiencing Knee pain with swelling after injury periodically,Orthopedics
Fungal infection with itching between toes occasionally in the evening,Dermatology
continuous sinus infection and nasal congestion,ENT
throbbing Kidney stone agony in side,Urology
Mole changes in size and color intermittently occasionally,Dermatology
Fungal infection with itching between toes since 5 days ago since 10 days ago,Dermatology
Blurred vision and eye throbbing pain,Ophthalmology
extreme Wheezing and problem exhaling,Pulmonology
Burning sensation in upper abdomen for 7 days,Gastroenterology
Chest congestion and breathing problem ongoing for 9 days,Pulmonology
Ear ache with hearing loss occasionally,ENT
Shortness of breath on exertion,Pulmonology
slight Double vision and cephalgia for the past 10 days,Ophthalmology
Presenting with moderate Fluttering sensation in chest with lightheadedness,Cardiology
Sudden vision loss,Ophthalmology
Chest pain with shortness of breath and sweating occasionally constantly,Cardiology
Menopausal hot flashes in the morning since 10 days ago,Gynecology
Routine checkup needed,General Physician
Pelvic tenderness and heavy bleeding,Gynecology
serious abdominal hurt with vomiting,Gastroenterology
moderate unease attacks with panic,Psychiatry
dull Currently having Depression and loss of interest,Psychiatry
severe weakness and general weakness,General Physician
Suffering from Severe headache with vision changes,Neurology
Rapid heartbeat and chest tightness,Cardiology
Blood in stool and stomach cramps,Gastroenterology
Asthma attack with tight chest in the morning,Pulmonology
Suffering from Ringing in ears and vertigo since 12 days ago,ENT
Obsessive thoughts and compulsive behavior for 5 days,Psychiatry
Ear slight pain with hearing loss,ENT
Irregular pulse with weakness in the morning,Cardiology
Racing heart with anxiety and thoracic slight pain,Cardiology
Common cold symptoms for 5 weeks,General Physician
Racing heart with anxiety and chest throbbing ache,Cardiology
Swollen tonsils with white patches during the day,ENT
Pregnancy symptoms and morning sickness since 5 days ago,Gynecology
moderate Frequent urination with burning,Urology
sharp Dry eyes with burning sensation,Ophthalmology
Itchy skin rash with redness for 2 days in the morning,Dermatology
Joint pain with puffiness in multiple joints lasting 5 days,Rheumatology
Currently having Sharp ache in lower right abdomen,Gastroenterology
sharp Chest agony with shortness of breath and sweating,Cardiology
Psoriasis with scaly patches frequently,Dermatology
unbearable Eating disorder with body image issues,Psychiatry
Currently having Migraine with nausea and light sensitivity,Neurology
upset stomach and loss of appetite since 8 days ago constantly,Gastroenterology
Presenting with Itchy skin skin condition with redness during the day,Dermatology
Mole changes in size and color for the past 6 days for the past 12 days,Dermatology
sharp Bloating with gas and constipation for 3 weeks,Gastroenterology
Acid reflux and difficulty swallowing,Gastroenterology
Knee pain after physical activity,Orthopedics
Testicular pain or swelling lasting 9 days,Urology
Having symptoms of Vomiting blood or coffee ground material,Gastroenterology
Moles changing in size or color for 2 weeks ongoing for 1 days,Dermatology
intense Blood in urine and flank tenderness,Urology
struggle seeing at night constantly at night,Ophthalmology
Sudden severe headextreme ache like thunderclap for 11 days,Neurology
Incontinence and urinary leakage for the past 8 days,Urology
Severe abdominal pain with vomiting frequently,Gastroenterology
Difficulty urinating with burning,Urology
throbbing struggle urinating with burning,Urology
throbbing Crushing chest tenderness radiating to left arm,Cardiology
slight Shortness of breath on exertion,Pulmonology
Testicular ache or puffiness,Urology
Racing heart with anxiety and chest pain,Cardiology
Suicidal thoughts and hopelessness at night,Psychiatry
intense Blurred vision and eye hurt,Ophthalmology
Dealing with Difficulty urinating with burning,Urology
Rapid breathing with anxiety lasting 6 days occasionally,Pulmonology
Chronic stomach pain and indigestion,Gastroenterology
prolonged bronchitis with mucus production for 5 days lasting 6 days,Pulmonology
Ankle sprain with bruising since 11 days ago,Orthopedics
tiredness and general weakness ongoing for 9 days,General Physician
Presenting with Presenting with Hip pain when walking,Orthopedics
Coughing up phlegm every morning periodically,Pulmonology
Kidney stones with severe pain,Urology
throbbing Loss of smell and taste,ENT
Mood swings and irritability occasionally since 3 days ago,Psychiatry
Persistent coughing with febrile,Pulmonology
Mole changes in size and color,Dermatology
severe Menopausal hot flashes,Gynecology
Having symptoms of Arthritis with morning stiffness constantly,Orthopedics
severe Frequent urination at night,Urology
Wrist pain with paresthesia in fingers for 9 days during the day,Orthopedics
Crushing chest pain radiating to left arm,Cardiology
severe mild Slurred speech and facial drooping,Neurology
Depression with loss of interest for 1 weeks intermittently,Psychiatry
trouble urinating with burning intermittently,Urology
swift loss of eyesight in one eye occasionally periodically,Ophthalmology
severe Fungal infection with itching between toes,Dermatology
Multiple vague symptoms occasionally,General Physician
Hallucinations and delusions,Psychiatry
Loss of smell and taste,ENT
Post traumatic stress with flashbacks,Psychiatry
moderate extreme Insomnia and difficulty sleeping,Psychiatry
Hallucinations and delusions ongoing for 8 days,Psychiatry
Back ache radiating down leg,Orthopedics
Knee soreness with inflammation after injury intermittently,Orthopedics
Presenting with intense Post traumatic stress with flashbacks,Psychiatry
Chronic tiredness and muscle aches,Rheumatology
Hip ache when walking,Orthopedics
sharp Frequent urination with burning,Urology
Coughing up phlegm every morning lasting 2 days,Pulmonology
Skin rash with itching,Dermatology
Fibromyalgia with widespread pain periodically,Rheumatology
Night sweats with persistent cough,Pulmonology
severe Irregular pulse with weakness,Cardiology
Weakness on one side of body in the evening,Neurology
Yellow eyes and dark urine since 11 days ago,Gastroenterology
Multiple vague symptoms for the past 1 days occasionally,General Physician
Pelvic pain and discomfort in the morning,Gynecology
Floaters and flashes of light for 1 weeks,Ophthalmology
Hoarse voice for more than two weeks for 5 weeks,ENT
tenderness in chest spreading to jaw and shoulder for the past 12 days,Cardiology
Knee ache with edema after injury,Orthopedics
Currently having lightheadedness and balance problems,Neurology
slight Insomnia and sleep disturbances periodically,Psychiatry
severe Heartburn after eating fatty foods,Gastroenterology
extreme Having symptoms of Vaginal discharge with odor,Gynecology
Post traumatic stress with flashbacks in the morning for the past 10 days,Psychiatry
General wellness advice needed for the past 8 days,General Physician
Chest pain with shortness of breath and sweating,Cardiology
continuous stomach pain and indigestion frequently,Gastroenterology
I'm experiencing Skin skin eruption with itching,Dermatology
moderate nervousness and panic attacks,Psychiatry
unease attacks with panic for 2 weeks,Psychiatry
severe extreme Eye injury with foreign object,Ophthalmology
unbearable Depression and loss of interest ongoing for 7 days,Psychiatry
Currently having Persistent skin infection not healing in the evening,Dermatology
sharp Persistent tussis with fever,Pulmonology
long-term migraine with aura at night,Neurology
Fungal infection with itching between toes,Dermatology
sharp slight Knee hurt after physical activity,Orthopedics
Hallucinations and delusions for 14 weeks,Psychiatry
Pelvic hurt and heavy bleeding,Gynecology
sharp headache with vision changes during the day,Neurology
Insomnia and difficulty sleeping intermittently,Psychiatry
I'm experiencing struggle breathing and wheezing for 14 weeks,Pulmonology
Hoarse voice for more than two weeks,ENT
extreme Burning sensation in upper abdomen,Gastroenterology
Irregular menstrual periods,Gynecology
Angina moderate soreness with arm loss of sensation,Cardiology
sharp upset stomach and loss of appetite,Gastroenterology
unsteadiness and balance problems,Neurology
Yellow eyes and dark urine for 5 weeks frequently,Gastroenterology
Knee tenderness after physical activity,Orthopedics
Currently having Ear pain with hearing loss,ENT
Tremors in hands and struggle walking in the morning,Neurology
Eye injury with foreign object for 1 days,Ophthalmology
Insomnia and problem sleeping ongoing for 10 days,Psychiatry
Pregnancy symptoms and morning sickness frequently in the evening,Gynecology
severe throbbing Dizziness and balance problems,Neurology
Painful joint swelling in hands,Orthopedics
Persistent cranial pain with sick feeling and vomiting,Neurology
Sharp chest slight pain when breathing deeply,Cardiology
Vaccination and preventive care frequently,General Physician
Shortness of breath on exertion ongoing for 3 days,Pulmonology
sharp Fibromyalgia with widespread hurt,Rheumatology
Pregnancy symptoms and morning sickness,Gynecology
Ringing in ears and vertigo since 6 days ago,ENT
I'm experiencing Electric shock sensations in body periodically,Neurology
intense Autoimmune disease symptoms periodically,Rheumatology
Tremors in hands and difficulty walking,Neurology
Persistent hack with fever,Pulmonology
thoracic throbbing discomfort with shortness of breath and sweating since 11 days ago,Cardiology
intense Common cold symptoms for the past 4 days,General Physician
unbearable Autoimmune disease symptoms during the day,Rheumatology
hard time urinating with burning for 5 weeks for 6 days,Urology
Angina pain with arm tingling,Cardiology
severe Erectile dysfunction,Urology
Back soreness radiating down leg,Orthopedics
Rapid breathing with anxiety,Pulmonology
Tremors in hands and trouble walking for 10 weeks during the day,Neurology
sharp General wellness advice needed periodically,General Physician
moderate Chest congestion and breathing difficulty,Pulmonology
Wheezing and difficulty exhaling for 5 days,Pulmonology
Blurred vision and eye unbearable pain,Ophthalmology
throbbing Frequent urination at night,Urology
mild vertigo and balance problems,Neurology
I'm experiencing Annual checkup needed,General Physician
Fibromyalgia with widespread tenderness in the morning,Rheumatology
moderate Blood in urine,Urology
Chronic cough with blood in sputum,Pulmonology
I'm experiencing Pain in chest spreading to jaw and shoulder,Cardiology
Pelvic hurt and discomfort for 11 weeks,Gynecology
Presenting with paresthesia and tingling in extremities for 13 days,Neurology
Painful intercourse during the day,Gynecology
Dealing with Chest discomfort with cold sweats,Cardiology
Psoriasis with scaly patches for 11 weeks,Dermatology
lethargy and weakness at night,General Physician
moderate Suicidal thoughts and hopelessness,Psychiatry
Hair loss and scalp irritation for the past 3 days during the day,Dermatology
High blood pressure and lightheadedness at night,Cardiology
mild Ringing in ears and vertigo constantly,ENT
exhaustion and weakness ongoing for 6 days,General Physician
Eye injury with foreign object occasionally in the morning,Ophthalmology
mild Heavy bleeding during periods for 11 weeks,Gynecology
Joint dull pain with puffiness in multiple joints,Rheumatology
Anxiety and panic attacks,Psychiatry
Sore throat with difficulty swallowing,ENT
Currently having Fluttering sensation in chest with lightheadedness,Cardiology
Acne breakouts on face and back,Dermatology
Currently having Double vision and headache,Ophthalmology
Menopausal hot flashes at night,Gynecology
Painful intercourse,Gynecology
intense Blood in stool and stomach cramps ongoing for 8 days,Gastroenterology
Knee severe pain with inflammation after injury,Orthopedics
Chronic weakness and muscle aches since 2 days ago during the day,Rheumatology
Pregnancy symptoms and morning sickness,Gynecology
Having symptoms of Back pain radiating down leg at night,Orthopedics
Hair loss and scalp irritation since 5 days ago constantly,Dermatology
Dry eyes with burning sensation ongoing for 3 days,Ophthalmology
Dealing with Hip pain when walking,Orthopedics
Heart palpitations and irregular heartbeat frequently,Cardiology
moderate Rheumatoid arthritis with joint deformity,Rheumatology
abrupt loss of vision in one eye since 4 days ago for the past 12 days,Ophthalmology
Double visual and floaters in the evening,Ophthalmology
Ankle sprain with swelling,Orthopedics
Hoarse voice for more than two weeks at night periodically,ENT
Racing heart with worry and thoracic hurt periodically,Cardiology
Pressure in thoracic like an elephant sitting on it,Cardiology
Annual checkup needed for 10 days,General Physician
Acid reflux and struggle swallowing,Gastroenterology
Nausea and loss of appetite,Gastroenterology
I'm experiencing Loss of smell and taste,ENT
moderate Nosebleeds and facial pressure,ENT
Red itchy eyes with discharge during the day lasting 11 days,Ophthalmology
Burning sensation in upper abdomen occasionally,Gastroenterology
Crushing chest mild pain radiating to left arm,Cardiology
severe Difficulty inhaling and wheezing,Pulmonology
slight Hoarse voice for more than two weeks,ENT
mild extreme Red itchy eyes with discharge,Ophthalmology
unbearable Heavy bleeding during periods,Gynecology
Wheezing and struggle exhaling lasting 8 days periodically,Pulmonology
Obsessive thoughts and compulsive behavior since 10 days ago,Psychiatry
Kidney stones with severe pain for 10 days,Urology
Painful bladder with urgency since 10 days ago,Urology
persistent exhaustion and muscle aches,Rheumatology
Ankle sprain with puffiness in the evening,Orthopedics
Eating disorder with body image issues,Psychiatry
Pelvic agony and throbbing discomfort,Gynecology
unbearable Persistent cough with fever,Pulmonology
Kidney stone dull discomfort in side constantly,Urology
Frequent urination with burning for 8 days,Urology
dull Eating disorder with body image issues for the past 11 days,Psychiatry
Dealing with Shoulder pain with limited movement since 2 days ago,Orthopedics
Difficulty seeing at night,Ophthalmology
severe Hair loss and scalp irritation,Dermatology
Presenting with Persistent headache with nausea and vomiting,Neurology
critical abdominal pain with vomiting for the past 4 days,Gastroenterology
Muscle weakness and weariness ongoing for 13 days,Rheumatology
Erectile dysfunction during the day,Urology
Incontinence and urinary leakage,Urology
Currently having Swollen tonsils with white patches,ENT
sharp eczema with dry cracked skin,Dermatology
Irregular pulse with fatigue,Cardiology
Seizures and loss of consciousness at night,Neurology
Hallucinations and delusions at night,Psychiatry
Joint soreness and stiffness in morning,Rheumatology
Hair loss and scalp irritation at night,Dermatology
loss of sensation and tingling in extremities in the morning,Neurology
dull Seizures and loss of consciousness,Neurology
mild Hives and allergic skin reaction,Dermatology
Mood swings and irritability for the past 3 days,Psychiatry
Currently having Shoulder pain with limited movement in the evening,Orthopedics
Severe eczema with dry cracked skin,Dermatology
Severe headsevere ache with eyesight changes during the day,Neurology
Suicidal thoughts and hopelessness ongoing for 6 days for the past 1 days,Psychiatry
critical headslight ache with vision changes frequently,Neurology
severe persistent sinus infection and nasal congestion at night,ENT
Annual checkup needed ongoing for 12 days,General Physician
Depression and loss of interest,Psychiatry
Blurred visual and eye pain during the day,Ophthalmology
Mole changes in size and color ongoing for 5 days,Dermatology
Suffering from Vaginal discharge with odor,Gynecology
Irregular menstrual periods at night ongoing for 3 days,Gynecology
Pelvic hurt and discomfort constantly,Gynecology
Crushing chest extreme pain radiating to left arm,Cardiology
Persistent skin infection not healing,Dermatology
Anxiety attacks with panic,Psychiatry
discomfort in chest spreading to jaw and shoulder since 2 days ago,Cardiology
Electric shock sensations in body,Neurology
Hives and allergic skin reaction,Dermatology
Fever with body slight aches,General Physician
extreme Fungal infection with itching between toes,Dermatology
Erectile dysfunction,Urology
throbbing Red itchy eyes with discharge,Ophthalmology
Presenting with Erectile dysfunction ongoing for 3 days,Urology
Health concern not specific to any organ,General Physician
continuous diarrhea and weight loss,Gastroenterology
continuous sinus infection and nasal congestion during the day for the past 13 days,ENT
severe Heart palpitations and irregular heartbeat,Cardiology
moderate Breast lump or tenderness,Gynecology
Ear pain with hearing loss,ENT
Acne and facial breakouts,Dermatology
Wheezing and difficulty exhaling for 8 days intermittently,Pulmonology
Difficulty inhaling and wheezing,Pulmonology
I'm experiencing Common cold symptoms,General Physician
Floaters and flashes of light,Ophthalmology
unbearable Suffering from High blood pressure and dizziness,Cardiology
Nosebleeds and facial pressure for the past 6 days,ENT
severe Blurred vision and eye soreness,Ophthalmology
Hair loss and scalp irritation lasting 12 days,Dermatology
moderate Sore throat with hard time swallowing,ENT
severe Psoriasis with scaly patches,Dermatology
Insomnia and sleep disturbances in the morning,Psychiatry
Having symptoms of Shoulder pain limiting movement,Orthopedics
moderate Presenting with Asthma attack with tight chest,Pulmonology
Breast lump or intense soreness,Gynecology
Severe headache with vision changes intermittently,Neurology
I'm experiencing Mood swings and irritability during the day,Psychiatry
Angina soreness with arm paresthesia intermittently,Cardiology
Shoulder pain limiting movement frequently,Orthopedics
moderate Bloating with gas and constipation,Gastroenterology
I'm experiencing Joint pain and stiffness in morning,Rheumatology
Having symptoms of Psoriasis with scaly patches,Dermatology
Slurred speech and facial drooping,Neurology
intense Irregular pulse with fatigue,Cardiology
Fibromyalgia with widespread soreness,Rheumatology
Back discomfort radiating down leg,Orthopedics
slight throbbing Chronic hack with blood in sputum,Pulmonology
severe Acid reflux and struggle swallowing,Gastroenterology
Chest congestion and inhaling struggle,Pulmonology
Wrist discomfort with tingling in fingers constantly in the morning,Orthopedics
Depression with loss of interest frequently,Psychiatry
Sudden intense headunbearable ache like thunderclap frequently,Neurology
Mood swings and irritability,Psychiatry
Currently having Sudden loss of vision in one eye,Ophthalmology
Mood swings and irritability,Psychiatry
Irregular menstrual periods since 8 days ago,Gynecology
Currently having prolonged migraine with aura,Neurology
Sudden severe headsevere ache like thunderclap,Neurology
Neck stiffness and agony,Orthopedics
Joint pain with swelling in multiple joints,Rheumatology
breast discomfort with cold sweats frequently,Cardiology
Incontinence and urinary leakage periodically,Urology
Pregnancy symptoms and morning sickness since 9 days ago,Gynecology
Swollen tonsils with white patches,ENT
Acid reflux and struggle swallowing in the evening for 11 weeks,Gastroenterology
soreness in thoracic spreading to jaw and shoulder for the past 3 days,Cardiology
throbbing Ringing in ears and vertigo in the evening,ENT
throbbing Shortness of breath on exertion intermittently,Pulmonology
Numbness and tingling in extremities,Neurology
Anxiety and panic attacks during the day,Psychiatry
Testicular moderate pain or swelling,Urology
throbbing Autoimmune disease symptoms,Rheumatology
Blood in stool and abdominal cramps in the morning,Gastroenterology
Back throbbing discomfort radiating down leg,Orthopedics
Painful bladder with urgency,Urology
Suffering from Yellow eyes and dark urine frequently,Gastroenterology
Sore throat with struggle swallowing in the evening at night,ENT
serious menstrual cramps,Gynecology
moderate abrupt vision loss,Ophthalmology
Weakness on one side of body occasionally,Neurology
continuous migraine with aura,Neurology
I'm experiencing Health concern not specific to any organ,General Physician
Currently having Back pain radiating down leg,Orthopedics
Dealing with unbearable Fluttering sensation in thorax with lightheadedness,Cardiology
Nosebleeds and facial pressure occasionally,ENT
Anxiety and panic attacks for the past 3 days,Psychiatry
Suffering from Tremors in hands and difficulty walking for 10 weeks,Neurology
Neck stiffness and soreness for 9 weeks,Orthopedics
Presenting with Persistent skin infection not healing,Dermatology
slight Ringing in ears and vertigo ongoing for 4 days,ENT
slight Vomiting blood or coffee ground material,Gastroenterology
High blood pressure and dizziness,Cardiology
Blurred vision and eye pain,Ophthalmology
General wellness advice needed frequently,General Physician
slight Swollen joints with redness,Rheumatology
throbbing Moles changing in size or color constantly,Dermatology
problem seeing at night constantly,Ophthalmology
Suffering from Lupus symptoms with butterfly rash for 9 weeks,Rheumatology
mild Rapid heartbeat and thorax tightness,Cardiology
Persistent cough with fever for the past 8 days,Pulmonology
Severe abdominal pain with vomiting,Gastroenterology
Knee pain with bloating after injury constantly,Orthopedics
Kidney stone pain in side frequently,Urology
Depression and loss of interest for the past 3 days,Psychiatry
throbbing Hair loss and scalp irritation,Dermatology
Slurred speech and facial drooping since 12 days ago,Neurology
queasiness and loss of appetite,Gastroenterology
I'm experiencing Vaginal discharge with odor,Gynecology
sharp Insomnia and sleep disturbances since 1 days ago,Psychiatry
Dealing with Feeling unwell with general symptoms,General Physician
slight throbbing Heart palpitations and irregular heartbeat,Cardiology
prolonged migraine with aura,Neurology
dull Vomiting blood or coffee ground material intermittently,Gastroenterology
Having symptoms of long-term diarrhea and weight loss,Gastroenterology
Frequent urination at night,Urology
severe quick sight loss,Ophthalmology
continuous cough with blood in sputum at night,Pulmonology
Sudden severe headache like thunderclap,Neurology
Suffering from Heavy bleeding during periods,Gynecology
sharp dull Eating disorder with body image issues,Psychiatry
trouble respiration and wheezing ongoing for 7 days,Pulmonology
intense Yellow eyes and dark urine,Gastroenterology
Fatigue and weakness,General Physician
Acne and facial breakouts ongoing for 11 days,Dermatology
throbbing Multiple vague symptoms,General Physician
Erectile dysfunction since 12 days ago for the past 6 days,Urology
Joint agony and stiffness in morning for 13 weeks,Rheumatology
extreme extreme Red itchy eyes with discharge,Ophthalmology
Annual checkup needed,General Physician
discomfort in chest spreading to jaw and shoulder lasting 13 days,Cardiology
throbbing Currently having Menopausal hot flashes,Gynecology
Suffering from Slurred speech and facial drooping since 2 days ago,Neurology
extreme dull Feeling unwell with general symptoms,General Physician
Persistent cough with fever,Pulmonology
intense critical Heart palpitations and irregular heartbeat,Cardiology
throbbing Sudden loss of vision in one eye for 13 days,Ophthalmology
Fluttering sensation in thorax with lightheadedness,Cardiology
elevated temperature with general malaise,General Physician
Pelvic pain and heavy bleeding,Gynecology
sharp immediate loss of visual in one eye ongoing for 9 days,Ophthalmology
Testicular pain or swelling,Urology
Having symptoms of Hip pain when walking,Orthopedics
Bloating with gas and constipation at night,Gastroenterology
Gout with severe toe pain,Rheumatology
Mole changes in size and color occasionally,Dermatology
extreme Wheezing and difficulty exhaling,Pulmonology
Sharp chest pain when breathing deeply,Cardiology
unbearable Health concern not specific to any organ,General Physician
Painful joint inflammation in hands ongoing for 4 days for 6 days,Orthopedics
Double eyesight and floaters,Ophthalmology
Suffering from moderate Hoarse voice for more than two weeks,ENT
Dealing with Coughing up phlegm every morning for 2 days,Pulmonology
throbbing Rapid heartbeat and thorax tightness occasionally,Cardiology
rapid visual loss,Ophthalmology
extreme Swollen tonsils with white patches constantly,ENT
Suffering from Neck stiffness and pain frequently,Orthopedics
rapid sight loss ongoing for 4 days,Ophthalmology
throbbing Skin dermatitis with itching for 9 weeks,Dermatology
Currently having Kidney stones with severe pain for 7 days,Urology
Fibromyalgia with widespread pain,Rheumatology
Shortness of breath on exertion in the morning at night,Pulmonology
sharp Currently having Acne and facial breakouts,Dermatology
mild Mole changes in size and color,Dermatology
moderate Blurred eyesight and eye sharp tenderness,Ophthalmology
Presenting with rapid vision loss in the morning,Ophthalmology
Shoulder pain limiting movement,Orthopedics
dull Having symptoms of Suicidal thoughts and hopelessness,Psychiatry
Having symptoms of Sudden vision loss constantly,Ophthalmology
Persistent headslight ache with sick feeling and vomiting in the evening,Neurology
Lupus symptoms with butterfly skin irritation,Rheumatology
throbbing Weakness on one side of body,Neurology
Kidney stones with severe intense pain,Urology
Lupus symptoms with butterfly rash,Rheumatology
extreme extreme Anxiety and panic attacks,Psychiatry
Seizures and loss of consciousness periodically,Neurology
Coughing up phlegm every morning,Pulmonology
Testicular pain or swelling since 13 days ago ongoing for 9 days,Urology
paresthesia and tingling in extremities,Neurology
Dealing with Hives and allergic skin reaction for the past 12 days,Dermatology
Hives and allergic skin reaction during the day,Dermatology
Pregnancy symptoms and morning sickness ongoing for 4 days,Gynecology
Dealing with Currently having Hallucinations and delusions,Psychiatry
Multiple vague symptoms for the past 1 days,General Physician
slight Blood in urine constantly,Urology
immediate acute headache like thunderclap ongoing for 8 days,Neurology
Chest discomfort with cold sweats,Cardiology
extreme Suffering from Weakness on one side of body,Neurology
Moles changing in size or color,Dermatology
severe dull Mood swings and irritability,Psychiatry
Chronic bronchitis with mucus production in the evening for 13 weeks,Pulmonology
Pregnancy symptoms and morning sickness in the evening,Gynecology
Ankle sprain with bruising since 3 days ago,Orthopedics
Dealing with tiredness and weakness,General Physician
Crushing breast pain radiating to left arm,Cardiology
Swollen joints with redness during the day,Rheumatology
Suffering from Rapid heartbeat and chest tightness during the day,Cardiology
severe Knee hurt after physical activity,Orthopedics
mild extreme Breast lump or hurt,Gynecology
Chronic diarrhea and weight loss since 7 days ago,Gastroenterology
mild Yellow eyes and dark urine,Gastroenterology
Cold and flu symptoms,General Physician
unbearable Mood swings and irritability,Psychiatry
severe slight Vaginal discharge with odor,Gynecology
prolonged weakness and muscle slight aches ongoing for 1 days,Rheumatology
Gout with severe toe pain intermittently constantly,Rheumatology
Having symptoms of Blood in stool and stomach cramps,Gastroenterology
I'm experiencing Irregular menstrual periods,Gynecology
I'm experiencing Sharp soreness in lower right abdomen frequently,Gastroenterology
acute eczema with dry cracked skin for 14 days,Dermatology
mild Weakness on one side of body,Neurology
General wellness advice needed,General Physician
Menopausal hot flashes,Gynecology
Kidney stones with severe agony,Urology
unease attacks with panic since 14 days ago,Psychiatry
Blood in urine and flank pain in the morning,Urology
Presenting with Wrist pain with numbness in fingers,Orthopedics
Testicular throbbing pain or swelling,Urology
Weakness on one side of body,Neurology
Tremors in hands and hard time walking frequently,Neurology
Gout with sharp toe pain for 8 days,Rheumatology
Fever with general malaise,General Physician
Feeling unwell with general symptoms,General Physician
Suffering from Pregnancy symptoms and morning sickness,Gynecology
extreme Ringing in ears and vertigo since 10 days ago,ENT
dull Ankle sprain with swelling,Orthopedics
Ear ache with hearing loss for 4 weeks frequently,ENT
persistent tussis with blood in sputum ongoing for 8 days,Pulmonology
slight Chronic migraine with aura for the past 4 days,Neurology
Blurred sight and eye agony,Ophthalmology
Irregular menstrual periods,Gynecology
Dealing with Tremors in hands and problem walking,Neurology
Red itchy eyes with discharge,Ophthalmology
I'm experiencing Shortness of breath on exertion,Pulmonology
extreme Irregular menstrual periods,Gynecology
Bloating with gas and constipation,Gastroenterology
Sharp extreme pain in lower right abdomen,Gastroenterology
Persistent skin infection not healing constantly for 7 days,Dermatology
Chronic migraine with aura,Neurology
problem inhaling and wheezing constantly at night,Pulmonology
extreme Asthma attack with tight chest in the evening,Pulmonology
Painful joint puffiness in hands frequently,Orthopedics
acute abdominal slight pain with vomiting for the past 12 days,Gastroenterology
extreme eczema with dry cracked skin for the past 1 days,Dermatology
General wellness advice needed in the evening lasting 1 days,General Physician
weakness and weakness,General Physician
Pelvic dull hurt and heavy bleeding frequently,Gynecology
moderate Routine checkup needed,General Physician
Dealing with Erectile dysfunction constantly,Urology
Dizziness and balance problems,Neurology
Having symptoms of Heavy bleeding during periods periodically,Gynecology
Persistent skin infection not healing lasting 1 days,Dermatology
Fever with general malaise ongoing for 14 days,General Physician
unbearable Erectile dysfunction,Urology
Rheumatoid arthritis with joint deformity periodically,Rheumatology
moderate Suffering from Pregnancy symptoms and morning sickness,Gynecology
Wheezing and difficulty exhaling,Pulmonology
Menopausal hot flashes since 10 days ago occasionally,Gynecology
Menopausal hot flashes,Gynecology
dull Cold and flu symptoms intermittently,General Physician
extreme Swollen joints with redness,Rheumatology
I'm experiencing Depression and loss of interest,Psychiatry
Vaginal discharge with odor frequently frequently,Gynecology
tiredness and general weakness,General Physician
unbearable tiredness and weakness ongoing for 14 days,General Physician
extreme Acne breakouts on face and back,Dermatology
febrile with general malaise for 8 days,General Physician
Sudden loss of vision in one eye,Ophthalmology
intense intense Acid reflux and difficulty swallowing,Gastroenterology
Back hurt radiating down leg for the past 5 days,Orthopedics
Back pain radiating down leg,Orthopedics
Arthritis with morning stiffness,Orthopedics
Having symptoms of Seizures and loss of consciousness,Neurology
Currently having Incontinence and urinary leakage,Urology
Chest congestion and breathing difficulty for 14 weeks,Pulmonology
Frequent urination with burning,Urology
throbbing Eating disorder with body image issues,Psychiatry
Blood in urine,Urology
mild slight Swollen tonsils with white patches,ENT
Common cold symptoms frequently,General Physician
Ankle sprain with bruising in the evening,Orthopedics
breast congestion and breathing difficulty ongoing for 6 days for 2 days,Pulmonology
Health concern not specific to any organ lasting 12 days,General Physician
Blood in urine in the evening for the past 9 days,Urology
Presenting with Chronic stomach pain and indigestion lasting 2 days,Gastroenterology
Breast lump or pain at night in the morning,Gynecology
Severe eczema with dry cracked skin periodically,Dermatology
Irregular menstrual periods at night for the past 4 days,Gynecology
Testicular agony or edema frequently during the day,Urology
Loss of smell and taste ongoing for 5 days for 13 weeks,ENT
Chronic diarrhea and weight loss periodically,Gastroenterology
Gout with severe toe discomfort constantly intermittently,Rheumatology
Pelvic pain and discomfort,Gynecology
Pelvic ache and discomfort,Gynecology
extreme throbbing Bloating with gas and constipation,Gastroenterology
Itchy skin rash with redness,Dermatology
Acne breakouts on face and back since 2 days ago,Dermatology
Wheezing and struggle exhaling,Pulmonology
Double sight and floaters for 4 weeks,Ophthalmology
Muscle weakness and tiredness,Rheumatology
severe Neck stiffness and hurt ongoing for 4 days,Orthopedics
Ringing in ears and vertigo since 8 days ago,ENT
Suffering from Blurred visual and eye pain periodically,Ophthalmology
Heavy bleeding during periods lasting 2 days,Gynecology
Annual checkup needed during the day during the day,General Physician
Multiple vague symptoms,General Physician
Anxiety and panic attacks at night,Psychiatry
Pelvic intense mild ache and heavy bleeding,Gynecology
Currently having Severe menstrual cramps,Gynecology
moderate Acne and facial breakouts,Dermatology
Presenting with Joint pain and stiffness in morning,Rheumatology
Breast lump or pain,Gynecology
Skin dermatitis with itching lasting 4 days,Dermatology
Depression with loss of interest,Psychiatry
I'm experiencing Double vision and floaters,Ophthalmology
Suicidal thoughts and hopelessness,Psychiatry
Vaccination and preventive care for 2 weeks,General Physician
Racing heart with anxiety and chest moderate pain during the day,Cardiology
Rapid respiration with unease,Pulmonology
Having symptoms of Painful bladder with urgency,Urology
Currently having dull Slurred speech and facial drooping,Neurology
Floaters and flashes of light since 3 days ago,Ophthalmology
Rapid heartbeat and chest tightness at night,Cardiology
Dealing with hard time seeing at night for 14 days,Ophthalmology
Presenting with Electric shock sensations in body,Neurology
Painful intercourse ongoing for 10 days,Gynecology
Kidney stones with severe hurt,Urology
Hair loss and scalp irritation,Dermatology
Skin rash with itching ongoing for 12 days,Dermatology
Mood swings and irritability frequently,Psychiatry
Rheumatoid arthritis with joint deformity,Rheumatology
Migraine with nausea and light sensitivity,Neurology
Insomnia and sleep disturbances,Psychiatry
Dealing with Rapid breathing with anxiety,Pulmonology
Gout with critical toe throbbing pain,Rheumatology
Mood swings and irritability periodically,Psychiatry
Incontinence and urinary leakage ongoing for 14 days,Urology
mild Shoulder soreness with limited movement in the evening,Orthopedics
extreme nervousness attacks with panic for the past 14 days,Psychiatry
Blood in urine and flank slight pain ongoing for 10 days,Urology
slight Chronic bronchitis with mucus production,Pulmonology
Hair loss and scalp irritation for the past 8 days,Dermatology
severe Vaccination and preventive care,General Physician
extreme intense Persistent skin infection not healing,Dermatology
Feeling unwell with general symptoms occasionally,General Physician
slight Skin rash with itching,Dermatology
I'm experiencing Night sweats with persistent cough for 2 weeks,Pulmonology
Chest pain with shortness of breath and sweating occasionally since 10 days ago,Cardiology
slight Cold and flu symptoms,General Physician
Menopausal hot flashes at night,Gynecology
Presenting with Irregular menstrual periods,Gynecology
Currently having Irregular menstrual periods,Gynecology
Rheumatoid arthritis with joint deformity frequently,Rheumatology
Dealing with Eye injury with foreign object in the morning,Ophthalmology
sharp Lupus symptoms with butterfly skin eruption for the past 4 days,Rheumatology
Kidney stone moderate pain in side,Urology
I'm experiencing Migraine with nausea and light sensitivity,Neurology
Health concern not specific to any organ for 7 weeks,General Physician
Chronic lethargy and muscle aches for the past 6 days,Rheumatology
intense Mood swings and irritability,Psychiatry
Moles changing in size or color intermittently,Dermatology
Blurred vision and eye pain,Ophthalmology
Fluttering sensation in chest with lightheadedness,Cardiology
Sharp chest unbearable tenderness when breathing deeply since 1 days ago,Cardiology
febrile with body aches since 7 days ago,General Physician
dull Back hurt radiating down leg periodically,Orthopedics
Asthma attack with tight breast at night,Pulmonology
unsteadiness and balance problems at night,Neurology
Sharp chest agony when breathing deeply ongoing for 14 days in the evening,Cardiology
Presenting with Blood in urine and flank ache periodically,Urology
Coughing up phlegm every morning occasionally,Pulmonology
Fracture with severe bone pain,Orthopedics
throbbing I'm experiencing Cold and flu symptoms,General Physician
Itchy skin skin condition with redness at night lasting 10 days,Dermatology
sick feeling and loss of appetite periodically,Gastroenterology
Hives and allergic skin reaction lasting 1 days for 10 days,Dermatology
Blood in urine periodically,Urology
intense Hair loss and scalp irritation frequently,Dermatology
mild Obsessive thoughts and compulsive behavior for the past 9 days,Psychiatry
Dealing with Arthritis with morning stiffness,Orthopedics
Memory loss and confusion for 1 weeks,Neurology
slight Pressure in chest like an elephant sitting on it,Cardiology
Neck stiffness and sharp pain,Orthopedics
Presenting with Breast lump or pain,Gynecology
mild ongoing migraine with aura,Neurology
extreme febrile with general malaise occasionally,General Physician
severe I'm experiencing Red itchy eyes with discharge,Ophthalmology
Back pain radiating down leg,Orthopedics
Red itchy eyes with discharge at night frequently,Ophthalmology
Pressure in breast like an elephant sitting on it,Cardiology
slight General wellness advice needed,General Physician
Heart palpitations and irregular heartbeat,Cardiology
Having symptoms of Slurred speech and facial drooping,Neurology
Pain in chest spreading to jaw and shoulder,Cardiology
I'm experiencing Fracture with severe bone dull pain,Orthopedics
Having symptoms of Itchy skin rash with redness intermittently,Dermatology
Chronic cough with blood in sputum constantly,Pulmonology
mild Feeling unwell with general symptoms,General Physician
Night sweats with persistent hack,Pulmonology
Vaccination and preventive care,General Physician
Suffering from throbbing Fluttering sensation in chest with lightheadedness,Cardiology
Acne and facial breakouts in the evening lasting 4 days,Dermatology
Having symptoms of ongoing sinus infection and nasal congestion since 14 days ago,ENT
Fibromyalgia with widespread pain in the morning frequently,Rheumatology
Joint pain with bloating in multiple joints constantly occasionally,Rheumatology
mild Lupus symptoms with butterfly skin irritation,Rheumatology
Sharp soreness in lower right abdomen occasionally,Gastroenterology
Erectile dysfunction frequently,Urology
Severe abdominal throbbing pain with vomiting for 13 weeks,Gastroenterology
Chronic fatigue and muscle aches,Rheumatology
Shoulder ache with limited movement since 12 days ago,Orthopedics
Shoulder pain with limited movement,Orthopedics
mild Fatigue and general weakness for the past 12 days,General Physician
Ringing in ears and vertigo,ENT
Ankle sprain with bruising for 3 days,Orthopedics
Acid reflux and struggle swallowing ongoing for 9 days,Gastroenterology
Asthma attack with tight chest ongoing for 12 days,Pulmonology
Persistent headache with queasiness and vomiting occasionally frequently,Neurology
Having symptoms of worry attacks with panic constantly,Psychiatry
persistent fatigue and muscle mild aches,Rheumatology
Persistent skin infection not healing intermittently,Dermatology
I'm experiencing Erectile dysfunction,Urology
Hip soreness when walking constantly,Orthopedics
Joint pain and stiffness in morning,Rheumatology
Suffering from Cold and flu symptoms for 7 weeks,General Physician
Suffering from Numbness and tingling in extremities ongoing for 6 days,Neurology
sharp Insomnia and sleep disturbances,Psychiatry
Hair loss and scalp irritation,Dermatology
Having symptoms of Chest agony with shortness of breath and sweating,Cardiology
Presenting with Insomnia and trouble sleeping,Psychiatry
serious Common cold symptoms,General Physician
dull Having symptoms of Depression with loss of interest,Psychiatry
Pregnancy symptoms and morning sickness constantly,Gynecology
moderate Irregular pulse with fatigue,Cardiology
Chronic bronchitis with mucus production,Pulmonology
Rapid heartbeat and breast tightness,Cardiology
Menopausal hot flashes occasionally,Gynecology
I'm experiencing Fever with body aches,General Physician
Blurred sight and eye throbbing discomfort,Ophthalmology
Fungal infection with itching between toes since 4 days ago,Dermatology
Knee tenderness after physical activity lasting 14 days lasting 1 days,Orthopedics
sharp Presenting with Hoarse voice for more than two weeks,ENT
Severe headache with eyesight changes in the evening,Neurology
Having symptoms of Suffering from Sore throat with difficulty swallowing,ENT
Blood in urine and flank pain,Urology
Insomnia and sleep disturbances for 5 days,Psychiatry
Ringing in ears and vertigo,ENT
pyrexia with body aches,General Physician
Rapid inhaling with worry constantly,Pulmonology
Crushing breast slight pain radiating to left arm ongoing for 3 days,Cardiology
ongoing stomach pain and indigestion,Gastroenterology
sharp Post traumatic stress with flashbacks,Psychiatry
Acne breakouts on face and back for the past 13 days,Dermatology
Burning sensation in upper abdomen,Gastroenterology
Persistent head pain with feeling sick and vomiting,Neurology
Back pain radiating down leg occasionally lasting 6 days,Orthopedics
Suffering from Fatigue and general weakness,General Physician
Breast lump or pain for 4 days,Gynecology
sharp Presenting with Ringing in ears and vertigo,ENT
Presenting with Wrist pain with numbness in fingers in the evening,Orthopedics
Common cold symptoms occasionally,General Physician
Having symptoms of Blurred eyesight and eye tenderness,Ophthalmology
I'm experiencing Swollen joints with redness,Rheumatology
Rapid breathing with anxiety in the morning,Pulmonology
Insomnia and sleep disturbances lasting 11 days occasionally,Psychiatry
dull Acne and facial breakouts in the evening,Dermatology
I'm experiencing Depression with loss of interest,Psychiatry
Double vision and floaters,Ophthalmology
Kidney stone tenderness in side for 5 days,Urology
Insomnia and difficulty sleeping,Psychiatry
intense Chronic cough with blood in sputum at night,Pulmonology
weariness and weakness,General Physician
Having symptoms of Blurred vision and eye pain,Ophthalmology
Painful bladder with urgency intermittently,Urology
Hip pain when walking,Orthopedics
dull unbearable Frequent urination at night,Urology
Sudden loss of vision in one eye ongoing for 11 days,Ophthalmology
breast mild discomfort with cold sweats for 3 weeks,Cardiology
Neck stiffness and discomfort,Orthopedics
extreme Depression with loss of interest,Psychiatry
Shoulder moderate pain limiting movement occasionally,Orthopedics
Fibromyalgia with widespread agony since 10 days ago at night,Rheumatology
Chronic diarrhea and weight loss,Gastroenterology
High blood pressure and vertigo,Cardiology
Chronic stomach pain and indigestion for 7 weeks,Gastroenterology
Shoulder severe pain with limited movement,Orthopedics
Persistent headache with nausea and vomiting,Neurology
Burning sensation in upper abdomen constantly,Gastroenterology
extreme apprehension and panic attacks,Psychiatry
moderate Chronic hack with blood in sputum,Pulmonology
throbbing Acne breakouts on face and back,Dermatology
Having symptoms of Health concern not specific to any organ constantly,General Physician
throbbing extreme eczema with dry cracked skin lasting 1 days,Dermatology
Fracture with severe bone severe pain,Orthopedics
Sore throat with problem swallowing in the evening,ENT
I'm experiencing Cold and flu symptoms,General Physician
Heartburn after eating fatty foods for 7 weeks,Gastroenterology
Pregnancy symptoms and morning sickness ongoing for 2 days since 11 days ago,Gynecology
unsteadiness and balance problems intermittently,Neurology
Pregnancy symptoms and morning sickness frequently,Gynecology
Skin skin irritation with itching lasting 11 days,Dermatology
Migraine with nausea and light sensitivity for the past 12 days,Neurology
Swollen tonsils with white patches since 3 days ago,ENT
Racing heart with anxiety and breast severe pain lasting 13 days,Cardiology
Shoulder pain with limited movement for the past 4 days,Orthopedics
Dealing with Ear pain with hearing loss,ENT
Currently having Night sweats with persistent cough,Pulmonology
Ankle sprain with inflammation,Orthopedics
Sudden sharp headache like thunderclap for 1 days,Neurology
Severe menstrual cramps,Gynecology
High blood pressure and lightheadedness periodically frequently,Cardiology
Erectile dysfunction,Urology
I'm experiencing Angina pain with arm numbness,Cardiology
tingling and tingling in extremities for 9 weeks constantly,Neurology
dull Acid reflux and hard time swallowing,Gastroenterology
extreme Ankle sprain with bruising,Orthopedics
